{
  "name": "Siqueira Campos Imóveis - Plataforma Completa",
  "short_name": "Siqueira Imóveis",
  "description": "Plataforma completa para gestão imobiliária com tecnologia avançada",
  "start_url": "/",
  "scope": "/",
  "display": "standalone",
  "orientation": "portrait-primary",
  "theme_color": "#1e40af",
  "background_color": "#ffffff",
  "lang": "pt-BR",
  "dir": "ltr",
  "categories": ["business", "productivity", "real-estate"],
  "prefer_related_applications": false,
  "shortcuts": [
    {
      "name": "Buscar Imóveis",
      "url": "/imoveis",
      "description": "Encontre o imóvel ideal",
      "icons": [
        {
          "src": "/icon-96x96.png",
          "sizes": "96x96",
          "type": "image/png"
        }
      ]
    },
    {
      "name": "Dashboard",
      "url": "/dashboard/cliente",
      "description": "Acesse seu painel de controle",
      "icons": [
        {
          "src": "/icon-96x96.png",
          "sizes": "96x96",
          "type": "image/png"
        }
      ]
    },
    {
      "name": "Favoritos",
      "url": "/favoritos",
      "description": "Veja seus imóveis favoritos",
      "icons": [
        {
          "src": "/icon-96x96.png",
          "sizes": "96x96",
          "type": "image/png"
        }
      ]
    },
    {
      "name": "Contato",
      "url": "/contato",
      "description": "Entre em contato conosco",
      "icons": [
        {
          "src": "/icon-96x96.png",
          "sizes": "96x96",
          "type": "image/png"
        }
      ]
    }
  ],
  "icons": [
    {
      "src": "/icon-72x72.png",
      "sizes": "72x72",
      "type": "image/png",
      "purpose": "any"
    },
    {
      "src": "/icon-96x96.png",
      "sizes": "96x96",
      "type": "image/png",
      "purpose": "any"
    },
    {
      "src": "/icon-128x128.png",
      "sizes": "128x128",
      "type": "image/png",
      "purpose": "any"
    },
    {
      "src": "/icon-144x144.png",
      "sizes": "144x144",
      "type": "image/png",
      "purpose": "any"
    },
    {
      "src": "/icon-152x152.png",
      "sizes": "152x152",
      "type": "image/png",
      "purpose": "any"
    },
    {
      "src": "/icon-192x192.png",
      "sizes": "192x192",
      "type": "image/png",
      "purpose": "any"
    },
    {
      "src": "/icon-384x384.png",
      "sizes": "384x384",
      "type": "image/png",
      "purpose": "any"
    },
    {
      "src": "/icon-512x512.png",
      "sizes": "512x512",
      "type": "image/png",
      "purpose": "any"
    },
    {
      "src": "/maskable-icon-192x192.png",
      "sizes": "192x192",
      "type": "image/png",
      "purpose": "maskable"
    },
    {
      "src": "/maskable-icon-512x512.png",
      "sizes": "512x512",
      "type": "image/png",
      "purpose": "maskable"
    }
  ],
  "screenshots": [
    {
      "src": "/screenshot-desktop.png",
      "sizes": "1280x720",
      "type": "image/png",
      "form_factor": "wide",
      "label": "Página inicial da plataforma Siqueira Imóveis"
    },
    {
      "src": "/screenshot-mobile.png",
      "sizes": "750x1334",
      "type": "image/png",
      "form_factor": "narrow",
      "label": "Versão mobile da plataforma"
    }
  ],
  "related_applications": [],
  "protocol_handlers": [
    {
      "protocol": "mailto",
      "url": "/contato?email=%s"
    },
    {
      "protocol": "tel",
      "url": "/contato?phone=%s"
    }
  ],
  "launch_handler": {
    "client_mode": "navigate-existing"
  },
  "handle_links": "preferred",
  "edge_side_panel": {
    "preferred_width": 400
  }
}
